,id,closeness
0,C,0.07142857142857142
1,F,0.07142857142857142
2,D,0.06666666666666667
3,H,0.06666666666666667
4,B,0.058823529411764705
5,E,0.058823529411764705
6,A,0.05555555555555555
7,G,0.05555555555555555
8,I,0.047619047619047616
9,J,0.034482758620689655
